{
    "name": "pmd",
    "creator": "pmd",
    "description": "PMD is a static source code analyzer. It finds common programming flaws like unused variables, empty catch blocks, unnecessary object creation, and so forth. It supports Java, JavaScript, Salesforce.com Apex and Visualforce, Modelica, PLSQL, Apache Velocity, XML, XSL, Scala.",
    "iconName": "pmd",
    "categories": [
        "Code Scanning", 
        "Java", 
        "JavaScript", 
        "Apex", 
        "Modelica", 
        "PLSQL", 
        "Apache Velocity",
        "XML",
        "XSl",
        "Scala", 
        "Apex"
    ]
}